Convert the subject to Kim Possible with a sleek black crop top, cargo pants, red wig in a high ponytail, and combat boots, with maintain the same facial features
Convert the subject to Harley Quinn in her iconic red and black jester outfit, pigtails dyed half red and half black, and diamond face paint, with maintain the same facial features
Convert the subject to Snow White in a bright blue and yellow puffed-sleeve dress, short bob hairstyle with red bow, and red lips, with maintain the same facial features
Convert the subject to Fembot in a shiny purple bodysuit, bouncy pink wig, knee-high boots, and pink gloves, with maintain the same facial features
Convert the subject to Carrie covered in fake blood, wearing a simple white prom dress, and messy disheveled hair, with maintain the same facial features
Convert the subject to Kitana from Mortal Kombat in a blue ninja outfit with silver fans, sleek black ponytail, and silver arm cuffs, with maintain the same facial features
Convert the subject to Valak the Nun in a black nun habit, white face mask with eerie smile, and dark hood, with maintain the same facial features
Convert the subject to Jessica Rabbit in a sparkling red strapless gown, long flowing red hair, and purple gloves, with maintain the same facial features
Convert the subject to Buttercup from The Princess Bride in a green medieval dress with braided hair and a sword belt, with maintain the same facial features
Convert the subject to Minion in a yellow jumpsuit, goggles, and blue overalls, with maintain the same facial features
Convert the subject to Elphaba from Wicked in a long black dress, green face paint on cheeks and temples, and a pointed witch hat, with maintain the same facial features
Convert the subject to Ladybug from Miraculous Ladybug in a red and black polka dot suit, black mask, and red pigtails, with maintain the same facial features
Convert the subject to Flora Winx Fairy in a floral-themed dress with leafy accessories and long flowing hair adorned with flowers, with maintain the same facial features
Convert the subject to Aisha Winx Fairy in a sporty, colorful fairy outfit with wings and braided hair, with maintain the same facial features
Convert the subject to Zombie Nurse in blood-stained scrubs, messy hair, pale makeup, and a cracked nurse cap, with maintain the same facial features
Convert the subject to Momo with a creepy wide-eyed mask, long white dress, and stringy black hair, with maintain the same facial features
Convert the subject to Siren Head in a tall, thin body suit with siren headpiece and eerie sound effects, with maintain the same facial features
Convert the subject to Buttercup from The Powerpuff Girls in a green dress, black bob wig, and white tights, with maintain the same facial features
Convert the subject to Avril Lavigne in a punk rock outfit with pink streaked hair, black eyeliner, and studded accessories, with maintain the same facial features
Convert the subject to Janet Weiss from Rocky Horror Picture Show in a pink satin slip dress, curly hair, and pearl necklace, with maintain the same facial features
Convert the subject to Buttercup from The Powerpuff Girls in a green dress, black bob wig, and white tights, with maintain the same facial features
Convert the subject to Lady Gaga in a meat dress, platinum blonde wig, and dramatic makeup, with maintain the same facial features
Convert the subject to Marilyn Monroe in a white halter dress, blonde curls, and red lipstick, with maintain the same facial features
Convert the subject to Princess Leia in her white robe dress, iconic cinnamon bun hairstyle, and silver belt, with maintain the same facial features
Convert the subject to Wonder Woman in her red, blue, and gold armor, tiara, and long dark hair, with maintain the same facial features
Convert the subject to Daenerys Targaryen in a flowing blue gown, platinum blonde braid, and dragon necklace, with maintain the same facial features
Convert the subject to Sailor Moon in a sailor suit with red bow, tiara, and long blonde pigtails, with maintain the same facial features
Convert the subject to Velma from Scooby-Doo in an orange turtleneck, red skirt, knee socks, and glasses, with maintain the same facial features
Convert the subject to Daria Morgendorffer in a green jacket, black skirt, round glasses, and deadpan expression, with maintain the same facial features
Convert the subject to Morticia Addams in a long black gothic gown, pale makeup, and long straight black hair, with maintain the same facial features
Convert the subject to Lara Croft in a tank top, cargo shorts, fingerless gloves, and braided ponytail, with maintain the same facial features
Convert the subject to Velma Kelly from Chicago in a sparkly flapper dress, bob haircut, and fishnet stockings, with maintain the same facial features
Convert the subject to Daphne Blake from Scooby-Doo in a purple dress, green scarf, and red hairband, with maintain the same facial features
Convert the subject to Marge Simpson in a tall blue beehive wig, green strapless dress, and red necklace, with maintain the same facial features
Convert the subject to Rosie the Riveter in a denim shirt, red polka-dot bandana, and flexed arm pose, with maintain the same facial features
Convert the subject to Mulan in a traditional Chinese warrior outfit, braided hair, and sword, with maintain the same facial features
Convert the subject to Elsa from Frozen in an icy blue gown, platinum braid, and snowflake accessories, with maintain the same facial features
Convert the subject to Belle from Beauty and the Beast in a golden ball gown, curled hair, and rose necklace, with maintain the same facial features
Convert the subject to Elizabeth Bennet in a Regency-era flowing white dress, delicate lace gloves, and an elegant updo with curls pinned back, with maintain the same facial features
Convert the subject to The White Witch from Narnia in a shimmering silver gown, oversized faux-fur coat, and icy crown with frosted curls, with maintain the same facial features
Convert the subject to Trinity from The Matrix in a sleek black leather catsuit, slicked-back hair in a tight bun, and futuristic sunglasses, with maintain the same facial features
Convert the subject to Hermione Granger from Harry Potter in a Hogwarts uniform with maroon and gold tie, gray skirt, and messy bushy hair, with maintain the same facial features
Convert the subject to Lara Croft in tactical gear, brown tank top, and twin pistols, with same pose and same face
Convert the subject to Daenerys Targaryen with silver-blonde braids, regal dress, and dragon-scaled cape, with same pose and same face
Convert the subject to Princess Leia in white robe and iconic side buns, with same pose and same face
Convert the subject to Wonder Woman in golden tiara, armored bustier, and lasso at waist, with same pose and same face
Convert the subject to Wednesday Addams in black dress with white collar, braided pigtails, and gothic aura, with same pose and same face
Convert the subject to Sailor Moon in sailor outfit, tiara, and blonde pigtails, with same pose and same face
Convert the subject to Mystique (X-Men) with blue skin, red hair, and gold skull belt, with same pose and same face
Convert the subject to Catwoman in black leather suit, whip on hip, and sleek goggles, with same pose and same face
Convert the subject to Harley Quinn in red and blue outfit, pigtails, and baseball bat over shoulder, with same pose and same face
Convert the subject to Elsa (Frozen) in icy-blue gown, snowflake accessories, and braid over shoulder, with same pose and same face
Convert the subject to Padmé Amidala in regal Naboo gown and elaborate headpiece, with same pose and same face
Convert the subject to Mulan (warrior mode) with traditional armor, tied-back hair, and sword in hand, with same pose and same face
Convert the subject to Trinity (The Matrix) in black leather coat, sleek sunglasses, and futuristic city behind, with same pose and same face
Convert the subject to Ariel (Little Mermaid) with red hair, seashell top, and iridescent tail, with same pose and same face
Convert the subject to She-Ra in gold crown, white battle dress, and glowing sword, with same pose and same face
Convert the subject to Jessica Rabbit in red sparkly gown and long gloves, with same pose and same face
Convert the subject to Gamora (Guardians of the Galaxy) with green skin, red streaked hair, and space armor, with same pose and same face
Convert the subject to Ciri (The Witcher) in leather tunic, silver sword, and facial scar, with same pose and same face
Convert the subject to Yennefer of Vengerberg in black sorceress gown, raven hair, and glowing amulet, with same pose and same face
Convert the subject to Zelda in royal Hyrule dress, tiara, and ornate shoulder armor, with same pose and same face
Convert the subject to Lady Dimitrescu in wide-brim hat, pearl necklace, and long clawed gloves, with same pose and same face
Convert the subject to Black Widow in tactical bodysuit, red hair, and wrist gauntlets, with same pose and same face
Convert the subject to Storm (X-Men) in white outfit, glowing eyes, and flowing cape, with same pose and same face
Convert the subject to Velma (Scooby-Doo) in orange sweater, glasses, and red skirt, with same pose and same face
Convert the subject to Poison Ivy with leaf-covered outfit, green skin tone, and red hair, with same pose and same face
Convert the subject to Merida (Brave) in teal dress, wild red curls, and holding a bow, with same pose and same face
Convert the subject to Raven (Teen Titans) in dark cloak, gemstone belt, and glowing aura, with same pose and same face
Convert the subject to Tinker Bell in green fairy dress, translucent wings, and pixie dust, with same pose and same face
Convert the subject to Jean Grey (Phoenix) in red bodysuit with golden sash, eyes glowing, with same pose and same face
Convert the subject to Asuka Langley (Evangelion) in red plugsuit, hair clips, and confident pose, with same pose and same face
Convert the subject to Hatsune Miku in teal pigtails, futuristic school outfit, and glowing mic, with same pose and same face
Convert the subject to Bulma (DBZ) in tech gear, capsule belt, and blue hair, with same pose and same face
Convert the subject to Princess Mononoke in tribal outfit, face paint, and wolf pelt, with same pose and same face
Convert the subject to Lucy (Cyberpunk Edgerunners) in neon bodysuit, cybernetic implants, and white hair, with same pose and same face
Convert the subject to 2B (NieR:Automata) in black blindfold, gothic outfit, and short silver hair, with same pose and same face
Convert the subject to Tifa Lockhart in white crop top, gloves, and black mini skirt, with same pose and same face
Convert the subject to Aerith Gainsborough in pink dress, red jacket, and flower basket, with same pose and same face
Convert the subject to Bayonetta in tight black suit, glasses, and magical guns on heels, with same pose and same face
Convert the subject to Princess Peach in pink gown, crown, and white gloves, with same pose and same face
Convert the subject to Rosalina (Mario) in blue gown, cosmic wand, and celestial aura, with same pose and same face
Convert the subject to Jill Valentine (RE3) in tank top, holster, and RPD badge, with same pose and same face
Convert the subject to Ada Wong in red dress, thigh holster, and silencer pistol, with same pose and same face
Convert the subject to Lady Loki (Marvel) with horned crown, green robes, and mischievous smile, with same pose and same face
Convert the subject to Valkyrie (Thor) in Asgardian armor, sword, and long braids, with same pose and same face
Convert the subject to Carmen Sandiego in red trench coat, wide hat, and spy attitude, with same pose and same face
Convert the subject to Miss Frizzle (Magic School Bus) in space dress, red hair, and funky earrings, with same pose and same face
Convert the subject to Jessica Jones in leather jacket, scarf, and worn jeans, with same pose and same face
Convert the subject to Furiosa (Mad Max) in dirt-covered armor, short buzzcut, and metal arm, with same pose and same face
Convert the subject to Leeloo (Fifth Element) in orange suspenders, white top, and multipass, with same pose and same face
Convert the subject to Sarah Connor (T2) in tank top, black sunglasses, and shotgun, with same pose and same face	
Convert the subject to Barbarella in retro-futuristic armor, voluminous hair, and laser gun, with same pose and same face
Convert the subject to Susan Storm (Fantastic Four) in blue uniform and force-field aura, with same pose and same face
Convert the subject to Rogue (X-Men) with white-streaked hair, leather jacket, and green bodysuit, with same pose and same face
Convert the subject to Clarisse (Futurama) in pink jumpsuit, space boots, and confident smirk, with same pose and same face
Convert the subject to Bo-Katan (Mandalorian) in Mandalorian armor, helmet off, with same pose and same face
Convert the subject to Ahsoka Tano with montrals, lightsabers, and white robes, with same pose and same face
Convert the subject to Batgirl in purple and yellow suit, cowl lifted, and utility belt, with same pose and same face
Convert the subject to Chun-Li (Street Fighter) in blue qipao, spiked bracelets, and combat stance, with same pose and same face
Convert the subject to Cammy White in green leotard, red beret, and combat gloves, with same pose and same face
Convert the subject to Princess Bubblegum in science lab outfit, pink crown, and gloves, with same pose and same face
Convert the subject to Marceline (Adventure Time) in red flannel, bass guitar, and vampire fangs, with same pose and same face
Convert the subject to Homura Akemi in magical girl outfit, black hair ribbons, and shield device, with same pose and same face
Convert the subject to Sabrina (Chilling Adventures) in red dress, short white hair, and witchy aura, with same pose and same face
Convert the subject to Clarisse Starling in FBI jacket, badge, and intense stare, with same pose and same face
Convert the subject to Baymax nurse avatar in robotic armor, soft white padding, and red heart badge, with same pose and same face
Convert the subject to Roxy Lalonde (Homestuck) in pink shades, smirk, and hoodie, with same pose and same face
Convert the subject to Lois Lane in journalist trench coat, notepad, and camera, with same pose and same face
Convert the subject to Peggy Carter in 1940s uniform, red hat, and vintage lipstick, with same pose and same face
Convert the subject to Glinda the Good Witch in sparkling gown, crystal crown, and wand, with same pose and same face
Convert the subject to Hela (Thor Ragnarok) in black horns, green suit, and ethereal glow, with same pose and same face
Convert the subject to Shuri (Black Panther) in Wakandan armor, glowing gauntlets, and tribal makeup, with same pose and same face
Convert the subject to Princess Fiona (Shrek) in green dress, red braid, and tiara, with same pose and same face
Convert the subject to Captain Marvel in red and blue suit, glowing fists, and windswept hair, with same pose and same face
Convert the subject to D.Va (Overwatch) in blue pilot suit, headset, and pink war paint, with same pose and same face
Convert the subject to Moana in ocean dress, shell necklace, and wind-blown hair, with same pose and same face
Convert the subject to Neytiri (Avatar) in blue skin, tribal jewelry, and glowing bioluminescence, with same pose and same face
Convert the subject to Gamora in battle armor, green skin, and blade drawn, with same pose and same face
Convert the subject to Judy Hopps (Zootopia) in police uniform, carrot pen, and bunny ears headband, with same pose and same face
Convert the subject to Anya Forger (Spy x Family) in school uniform, gold tiara pins, and excited expression, with same pose and same face
Convert the subject to Power (Chainsaw Man) in red horns, school tie, and crazy grin, with same pose and same face
Convert the subject to Makima in suit, glowing eyes, and commanding stance, with same pose and same face
Convert the subject to Lady Gaga (Chromatica era) in metallic suit, pink hair, and futuristic makeup, with same pose and same face
Convert the subject to Taylor Swift (Lover era) in pastel gown, heart makeup, and floral background, with same pose and same face
Convert the subject to Barbie (sci-fi variant) in glittery bodysuit, high ponytail, and silver boots, with same pose and same face
Convert the subject to Morticia Addams in tight black gown, pale skin, and gothic elegance, with same pose and same face
Convert the subject to Evelyn Salt in leather trench coat, blonde disguise wig, and gun drawn, with same pose and same face
Convert the subject to Clarisse McClellan (Fahrenheit 451) in 60s mod dress, wind-blown hair, and curious gaze, with same pose and same face
Convert the subject to Selene (Underworld) in black leather catsuit, vampire fangs, and icy gaze, with same pose and same face
Convert the subject to Lady Jessica (Dune) in desert robes, Bene Gesserit collar, and spice eyes, with same pose and same face
Convert the subject to Leia (slave outfit) in gold bikini, chain, and confident pose, with same pose and same face
Convert the subject to Invisible Woman (Marvel) mid-invisibility phase, with glowing silhouette, with same pose and same face
Convert the subject to Nico Robin (One Piece) in purple leather outfit, long black hair, and book in hand, with same pose and same face
Convert the subject to Boa Hancock in royal red gown, serpent earrings, and confident smirk, with same pose and same face
Convert the subject to Anastasia in winter cloak, Russian tiara, and snow background, with same pose and same face
Convert the subject to Sophie (Howl’s Moving Castle) in blue dress, grey braid, and castle backdrop, with same pose and same face
Convert the subject to Clara Oswald (Doctor Who) in Victorian dress, holding time key, with same pose and same face
Convert the subject to River Song in archaeologist outfit, curly blonde hair, and sonic diary, with same pose and same face
Convert the subject to Donna Noble in red leather coat, cosmic light behind, and determined eyes, with same pose and same face
Convert the subject to Rey Skywalker in scavenger outfit, staff, and twin suns behind her, with same pose and same face
Convert the subject to The White Witch from Narnia in shimmering silver gown, oversized faux-fur coat, and icy crown with frosted curls, with same pose and same face
Convert the subject to Daenerys Targaryen with platinum braids and dragon queen armor, same pose and same face  
Convert the subject to Lara Croft in tactical gear, dual holsters, and rugged boots, same pose and same face  
Convert the subject to Princess Leia in white robes and cinnamon bun hairstyle, same pose and same face  
Convert the subject to Catwoman in a tight black suit with goggles and a whip, same pose and same face  
Convert the subject to Wonder Woman with red and gold armor and glowing lasso, same pose and same face  
Convert the subject to Wednesday Addams in a gothic school uniform and pale skin, same pose and same face  
Convert the subject to Mystique in blue skin and yellow eyes with red hair, same pose and same face  
Convert the subject to Morticia Addams in a long black velvet gown, same pose and same face  
Convert the subject to Harley Quinn in her jester outfit with playful smirk, same pose and same face  
Convert the subject to Black Widow in her tactical black suit with red hourglass belt, same pose and same face  
Convert the subject to Rey Skywalker in desert scavenger robes with staff, same pose and same face  
Convert the subject to Trinity from The Matrix in leather and sunglasses, same pose and same face  
Convert the subject to Gamora in battle armor with green skin, same pose and same face  
Convert the subject to Jessica Rabbit in red dress with sultry pose, same pose and same face  
Convert the subject to Xena Warrior Princess in leather armor and sword, same pose and same face  
Convert the subject to Padmé Amidala in royal red dress and ornate headpiece, same pose and same face  
Convert the subject to Cinderella in blue ball gown and glass slippers, same pose and same face  
Convert the subject to Belle in golden ballroom gown holding a rose, same pose and same face  
Convert the subject to Elsa in ice-blue gown with sparkles and flowing cape, same pose and same face  
Convert the subject to Ariel in human form with seashell accents and red hair, same pose and same face  
Convert the subject to Maleficent with horned headdress and black wings, same pose and same face  
Convert the subject to Rapunzel with long golden hair and purple dress, same pose and same face  
Convert the subject to Moana with ocean-themed outfit and flower crown, same pose and same face  
Convert the subject to Mulan in warrior armor and topknot, same pose and same face  
Convert the subject to She-Ra in white armor and golden tiara, same pose and same face  
Convert the subject to Storm from X-Men in white suit with glowing eyes, same pose and same face  
Convert the subject to Sailor Moon in sailor suit with moon tiara, same pose and same face  
Convert the subject to Buffy the Vampire Slayer with wooden stake, same pose and same face  
Convert the subject to Eleven from Stranger Things with bloody nose and short hair, same pose and same face  
Convert the subject to Coraline in yellow raincoat with button eyes, same pose and same face  
Convert the subject to Rogue from X-Men in green and yellow suit with leather jacket, same pose and same face  
Convert the subject to Scarlet Witch in red leather corset and crown, same pose and same face  
Convert the subject to Supergirl in red and blue suit with flowing cape, same pose and same face  
Convert the subject to Batgirl in purple and yellow costume, same pose and same face  
Convert the subject to Tinker Bell with fairy wings and green dress, same pose and same face  
Convert the subject to Poison Ivy in leafy green outfit with red hair, same pose and same face  
Convert the subject to Dolores from Westworld in western dress and pistol, same pose and same face  
Convert the subject to Sansa Stark in northern fur cloak and braided hair, same pose and same face  
Convert the subject to Arya Stark in leather armor with sword, same pose and same face  
Convert the subject to Ciri from The Witcher with scar and sword on back, same pose and same face  
Convert the subject to Yennefer in black dress and magical aura, same pose and same face  
Convert the subject to Tifa Lockhart in black mini skirt and gloves, same pose and same face  
Convert the subject to Aerith Gainsborough in pink dress with staff, same pose and same face  
Convert the subject to Ada Wong in red cheongsam with pistol, same pose and same face  
Convert the subject to Jill Valentine in tactical gear and shoulder pads, same pose and same face  
Convert the subject to Chun-Li in blue qipao with spiked bracelets, same pose and same face  
Convert the subject to Cammy from Street Fighter in green leotard and red beret, same pose and same face  
Convert the subject to Princess Zelda in white and gold royal attire, same pose and same face  
Convert the subject to Samus Aran in her Zero Suit with glowing accents, same pose and same face  
Convert the subject to Bayonetta in black bodysuit and glasses, same pose and same face  
Convert the subject to Ellie from The Last of Us with backpack and switchblade, same pose and same face  
Convert the subject to Abby from The Last of Us with muscular build and tank top, same pose and same face  
Convert the subject to Aloy from Horizon Zero Dawn in tribal armor and bow, same pose and same face  
Convert the subject to Cortana from Halo in blue holographic form, same pose and same face  
Convert the subject to Sarah Connor from Terminator in sunglasses and rifle, same pose and same face  
Convert the subject to Neytiri from Avatar with blue skin and tribal beads, same pose and same face  
Convert the subject to Merida in green dress with bow and curly red hair, same pose and same face  
Convert the subject to Jessie from Team Rocket in white outfit with red "R", same pose and same face  
Convert the subject to Asuka Langley from Evangelion in red plugsuit, same pose and same face  
Convert the subject to Rei Ayanami from Evangelion in white plugsuit, same pose and same face  
Convert the subject to Violet Evergarden with blue dress and mechanical hand, same pose and same face  
Convert the subject to Android 18 from DBZ in denim vest and skirt, same pose and same face  
Convert the subject to Bulma in pink dress and capsule gear, same pose and same face  
Convert the subject to Kiki from Kiki’s Delivery Service with red bow and broom, same pose and same face  
Convert the subject to Sophie from Howl’s Moving Castle in blue dress and braid, same pose and same face  
Convert the subject to Lady Eboshi from Princess Mononoke in samurai robes, same pose and same face  
Convert the subject to Nausicaä in blue flight suit and glider gear, same pose and same face  
Convert the subject to San from Princess Mononoke in mask and fur cloak, same pose and same face  
Convert the subject to Haruko Haruhara with yellow goggles and guitar, same pose and same face  
Convert the subject to Major Kusanagi from Ghost in the Shell in tactical bodysuit, same pose and same face  
Convert the subject to Ramona Flowers with colorful hair and oversized hammer, same pose and same face  
Convert the subject to Tank Girl with shaved head and military jacket, same pose and same face  
Convert the subject to Leeloo from The Fifth Element in orange suspenders and white outfit, same pose and same face  
Convert the subject to Jessica Jones in leather jacket and scarf, same pose and same face  
Convert the subject to Peggy Carter in 1940s military uniform and red hat, same pose and same face  
Convert the subject to Raven from Teen Titans with purple cloak and glowing eyes, same pose and same face  
Convert the subject to Starfire in shiny purple suit with glowing hands, same pose and same face  
Convert the subject to Gwen Stacy in Spider-Gwen suit with white hood, same pose and same face  
Convert the subject to MJ Watson in casual outfit with camera, same pose and same face  
Convert the subject to Shuri from Wakanda in vibranium gauntlets, same pose and same face  
Convert the subject to Okoye from Wakanda in red armor and spear, same pose and same face  
Convert the subject to Valkyrie in black armor and blue cape, same pose and same face  
Convert the subject to Hela from Thor Ragnarok with horned headdress, same pose and same face  
Convert the subject to Jean Grey in Phoenix form with fire aura, same pose and same face  
Convert the subject to Jubilee in yellow coat and pink glasses, same pose and same face  
Convert the subject to Kitty Pryde in X-Men uniform with phasing effect, same pose and same face  
Convert the subject to Dazzler in disco outfit with light powers, same pose and same face  
Convert the subject to Psylocke in purple ninja outfit with psi-blade, same pose and same face  
Convert the subject to Silk in spider suit with red scarf, same pose and same face  
Convert the subject to Elektra in red bandana and twin sai weapons, same pose and same face  
Convert the subject to Echo in leather gear and face paint, same pose and same face  
Convert the subject to Domino in black suit with white eye mark, same pose and same face  
Convert the subject to Zatanna in tuxedo and fishnets with magic wand, same pose and same face  
Convert the subject to Ravenna the Evil Queen in gold crown and black feathers, same pose and same face  
Convert the subject to Red Riding Hood in red cloak with basket and wolf shadow, same pose and same face  
Convert the subject to Joan of Arc in shining armor with flag, same pose and same face  
Convert the subject to Cleopatra in gold dress and snake crown, same pose and same face  
Convert the subject to Marie Antoinette in powdered wig and royal gown, same pose and same face  
Convert the subject to Elizabeth Bathory in gothic noble attire with red accents, same pose and same face  
Convert the subject to Joan Holloway in vintage secretary outfit with red hair, same pose and same face  
Convert the subject to Queen Amidala in ceremonial red and gold dress, same pose and same face  
Convert the subject to Barbie in pink outfit with blonde hair and sunglasses, same pose and same face  
Convert the subject to GLaDOS in android form with mechanical cables, same pose and same face  
Convert the subject to Lara Croft PS1 version with low-poly textures, same pose and same face  
Convert the subject to Jill Valentine RE1 with shoulder pads and beret, same pose and same face  
Convert the subject to Lara Croft Angel of Darkness with dark tank top, same pose and same face  
Convert the subject to Lara Croft Survivor trilogy with bow and dirt-smeared tank, same pose and same face  
Convert the subject to Lady Dimitrescu with wide-brim hat and long gloves, same pose and same face  
Convert the subject to Sister Friede from Dark Souls with icy cloak, same pose and same face  
Convert the subject to Marlene from FFVII with yellow dress and flowers, same pose and same face  
Convert the subject to Aerith Crisis Core version with extra details, same pose and same face  
Convert the subject to Nina Williams in purple dress and blonde braid, same pose and same face  
Convert the subject to Christie Monteiro in capoeira outfit and vibrant colors, same pose and same face  
Convert the subject to Mileena from Mortal Kombat with mask and sais, same pose and same face  
Convert the subject to Kitana in blue ninja armor with fans, same pose and same face  
Convert the subject to Sindel with long white hair and black outfit, same pose and same face  
Convert the subject to D.Va from Overwatch in pilot suit with mech logo, same pose and same face  
Convert the subject to Mercy in white Valkyrie armor and staff, same pose and same face  
Convert the subject to Widowmaker in blue sniper suit with red visor, same pose and same face  
Convert the subject to Sombra in tech trench coat with glowing interface, same pose and same face  
Convert the subject to Moira in science coat with fade effects, same pose and same face  
Convert the subject to Jinx from Arcane with blue braids and wild grin, same pose and same face  
Convert the subject to Vi from Arcane in punk armor and gauntlets, same pose and same face  
Convert the subject to Caitlyn from Arcane in elegant enforcer uniform, same pose and same face  
Convert the subject to Ahri from League of Legends in KDA popstar outfit, same pose and same face  
Convert the subject to Lux in her radiant knight armor and staff, same pose and same face  
Convert the subject to Morgana with dark wings and glowing chains, same pose and same face  
Convert the subject to Evelynn in her demon form with sharp nails, same pose and same face  
Convert the subject to Akali in neon mask and katana, same pose and same face  
Convert the subject to Seraphine in pastel pop star outfit with mic, same pose and same face  
Convert the subject to Riven in battle bunny suit with broken sword, same pose and same face  
Convert the subject to Leona in solar armor with round shield, same pose and same face  
Convert the subject to Satsuki Kiryuuin in white armor uniform, same pose and same face  
Convert the subject to Ryuko Matoi in red and black scissor blade outfit, same pose and same face  
Convert the subject to Zero Two from Darling in the Franxx in red bodysuit and horns, same pose and same face  
Convert the subject to 2B from Nier Automata in blindfold and gothic maid dress, same pose and same face  
Convert the subject to A2 from Nier Automata with torn outfit and short hair, same pose and same face  
Convert the subject to Makima from Chainsaw Man in white shirt and sly smile, same pose and same face  
Convert the subject to Power from Chainsaw Man with bloody teeth and horns, same pose and same face  
Convert the subject to Lucy from Cyberpunk Edgerunners with short silver hair and cyber wires, same pose and same face  
Convert the subject to Rebecca from Cyberpunk in pink hair and manic smile, same pose and same face  
Convert the subject to Yor Forger in assassin dress with hairpins, same pose and same face  
Convert the subject to Anya Forger in her school uniform with smug expression, same pose and same face  
Convert the subject to Asuna from Sword Art Online in white knight uniform, same pose and same face  
Convert the subject to Shinobu Kocho from Demon Slayer in butterfly haori, same pose and same face  
Convert the subject to Nezuko Kamado in pink kimono and bamboo gag, same pose and same face  
Convert the subject to Mitsuri Kanroji in Demon Slayer Corps outfit and pink-green hair, same pose and same face  
Convert the subject to Tatsumaki from One Punch Man with floating pose and green curls, same pose and same face  
Convert the subject to Fubuki from One Punch Man in fur-trimmed black dress, same pose and same face  
Convert the subject to Tsunade from Naruto in green jacket and diamond mark, same pose and same face  
Convert the subject to Hinata Hyuga in white hoodie with Byakugan eyes, same pose and same face  
Convert the subject to Ino Yamanaka in purple dress and ponytail, same pose and same face  
Convert the subject to Temari with giant folding fan and ninja gear, same pose and same face  
Convert the subject to Sakura Haruno in red ninja outfit and gloves, same pose and same face  
Convert the subject to Kushina Uzumaki with red hair and apron, same pose and same face  
Convert the subject to Android 21 in lab coat and candy aura, same pose and same face  
Convert the subject to Caulifla from Dragon Ball Super in saiyan armor and scowl, same pose and same face  
Convert the subject to Videl in martial arts gear with short hair, same pose and same face  
Convert the subject to Chi-Chi in Chinese battle dress and bun, same pose and same face  
Convert the subject to Launch in her blue outfit and machine gun, same pose and same face  
Convert the subject to Pan from Dragon Ball GT in red bandana and gloves, same pose and same face  
Convert the subject to Lum from Urusei Yatsura in tiger-striped bikini and green hair, same pose and same face  
Convert the subject to Utena Tenjou in prince uniform with rose sword, same pose and same face  
Convert the subject to Madoka Kaname in magical girl dress and pink pigtails, same pose and same face  
Convert the subject to Homura Akemi in dark magical girl outfit with shield, same pose and same face  
Convert the subject to Kyoko Sakura with spear and red outfit, same pose and same face  
Convert the subject to Sayaka Miki with blue magical outfit and sword, same pose and same face  
Convert the subject to Mireille Bouquet from Noir in black dress and handgun, same pose and same face  
Convert the subject to Saber from Fate Stay Night in silver armor and blue gown, same pose and same face  
Convert the subject to Rin Tohsaka in red top and black skirt with stockings, same pose and same face  
Convert the subject to Sakura Matou in purple dress and shy expression, same pose and same face  
Convert the subject to Jeanne d’Arc Alter in dark armor with flaming flag, same pose and same face  
Convert the subject to Scáthach in red bodysuit and spear, same pose and same face  
Convert the subject to Nero Claudius in rose red royal outfit, same pose and same face  
Convert the subject to Tamamo no Mae in fox ears and shrine maiden robes, same pose and same face  
Convert the subject to Raikou from Fate in kimono-inspired battle gear, same pose and same face  
Convert the subject to Anastasia Nikolaevna in winter tsarina dress with fur, same pose and same face  
Convert the subject to Atalanta in green hooded archer gear, same pose and same face  
Convert the subject to Ereshkigal in gold and black dress with chain motifs, same pose and same face  
Convert the subject to Ishtar in red and gold goddess attire with twin tails, same pose and same face  
Convert the subject to Mysterious Heroine X in saber uniform and visor, same pose and same face  
Convert the subject to Okita Souji in blue kimono and katana, same pose and same face  
Convert the subject to Musashi Miyamoto in dual blade stance with samurai gear, same pose and same face  
Convert the subject to Shuten Douji in demon kimono with sake gourd, same pose and same face  
Convert the subject to Abigail Williams in gothic eldritch dress with tentacle motifs, same pose and same face  
Convert the subject to Ibuki-Douji in oni armor and horns, same pose and same face  
Convert the subject to Katsushika Hokusai in painter kimono with octopus, same pose and same face  
Convert the subject to Hokusai Summer version with yukata and brush, same pose and same face  
Convert the subject to Meltlilith in futuristic suit and ribbons, same pose and same face  
Convert the subject to BB in swimsuit with mischievous grin, same pose and same face  
Convert the subject to Kama in seductress form with lotus motifs, same pose and same face  
Convert the subject to Kiara Sessyoin in cosmic nun outfit with chains, same pose and same face  
Convert the subject to Space Ishtar in galactic battle suit with glowing eyes, same pose and same face  
Convert the subject to a warrior princess from a distant planet, wearing alien armor and a glowing energy crown, with same pose and same face
Convert the subject to Cleopatra in a golden ceremonial gown and bejeweled headdress, with same pose and same face
Convert the subject to a 1920s flapper girl in a sequined dress with a feathered headband, with same pose and same face
Convert the subject to a dystopian rebel leader in a tattered cloak and LED eye implant, with same pose and same face
Convert the subject to a 17th-century noblewoman with a powdered wig and embroidered corset dress, with same pose and same face
Convert the subject to a fairy queen in an iridescent leaf dress and glowing wings, with same pose and same face
Convert the subject to a deep-sea explorer in a futuristic diving suit with luminescent details, with same pose and same face
Convert the subject to a circus ringmaster in a red velvet coat, top hat, and riding crop, with same pose and same face
Convert the subject to a 1980s rockstar in leather pants, studded jacket, and wild hair, with same pose and same face
Convert the subject to a time-traveling librarian in steampunk goggles and a reinforced book satchel, with same pose and same face
Convert the subject to an enchanted forest dryad wrapped in ivy and moss, with glowing eyes, with same pose and same face
Convert the subject to an ice skater in a glittering blue costume with snowflake embroidery, with same pose and same face
Convert the subject to a Roman empress in a white toga with a golden laurel wreath, with same pose and same face
Convert the subject to a futuristic racer in a skintight reflective jumpsuit and neon helmet, with same pose and same face
Convert the subject to an ancient Egyptian goddess with golden jewelry and a sun disk crown, with same pose and same face
Convert the subject to a gothic vampire countess in black lace and crimson lipstick, with same pose and same face
Convert the subject to a medieval archer in leather armor and hooded cape, with same pose and same face
Convert the subject to a forest witch in patchwork robes and crystal necklaces, with same pose and same face
Convert the subject to a 1950s diner waitress in a pastel uniform with a name tag and roller skates, with same pose and same face
Convert the subject to a jazz lounge singer in a floor-length sequin dress and vintage microphone, with same pose and same face
Convert the subject to a mecha pilot in a reinforced armored suit and glowing visor, with same pose and same face
Convert the subject to a space princess in a holographic gown with floating fabric and energy gems, with same pose and same face
Convert the subject to a jungle adventurer with utility belt, scarf, and machete, with same pose and same face
Convert the subject to a samurai warrior in ornate armor with cherry blossom accents, with same pose and same face
Convert the subject to a 1930s detective in trench coat and fedora, smoking a cigarette, with same pose and same face
Convert the subject to a candy witch with peppermint earrings and a licorice dress, with same pose and same face
Convert the subject to a galactic smuggler in patched leather, holographic gauntlets, and side braid, with same pose and same face
Convert the subject to an underwater queen in coral headdress and scale-textured gown, with same pose and same face
Convert the subject to a frost demoness with horns of ice and a cloak of snow, with same pose and same face
Convert the subject to a Renaissance painter in paint-stained smock and messy hair, with same pose and same face
Convert the subject to a cave explorer with helmet lamp, harness, and dust-covered clothes, with same pose and same face
Convert the subject to a 1940s pin-up model in high-waisted bikini and red lipstick, with same pose and same face
Convert the subject to a crystal mage with floating runes and a radiant crystal staff, with same pose and same face
Convert the subject to a Venetian masquerade guest in elaborate mask and feathered gown, with same pose and same face
Convert the subject to a carnival fire dancer with flaming torches and tribal paint, with same pose and same face
Convert the subject to a samurai geisha hybrid in layered silk robes and katana, with same pose and same face
Convert the subject to an astronaut in a pastel-colored EVA suit and reflective bubble helmet, with same pose and same face
Convert the subject to a royal jester with bells on her hat and colorful makeup, with same pose and same face
Convert the subject to a cursed doll in a frilly dress with cracks on porcelain skin, with same pose and same face
Convert the subject to an angel of vengeance in tattered wings and silver armor, with same pose and same face
Convert the subject to a biotech engineer in nano-fabric coat and augmented reality glasses, with same pose and same face
Convert the subject to a forest ranger in green jacket, binoculars, and hiking gear, with same pose and same face
Convert the subject to a cloud goddess with translucent robes and halo of stars, with same pose and same face
Convert the subject to a blood mage in crimson robes with floating sigils, with same pose and same face
Convert the subject to a cyberpunk hacker in a hooded cloak and neon-tipped fingers, with same pose and same face
Convert the subject to a circus contortionist in a flexible sequin outfit and intense makeup, with same pose and same face
Convert the subject to a noir femme fatale in a slit dress, cigarette holder, and shadowed expression, with same pose and same face
Convert the subject to a zombie bride with a torn wedding dress and pale, eerie glow, with same pose and same face
Convert the subject to a sci-fi empress with neural implants and a regal gravity-defying gown, with same pose and same face
Convert the subject to a renaissance alchemist with potion vials and an ancient scroll, with same pose and same face
Convert the subject to a druid priestess with antler crown and forest tattoos, with same pose and same face
Convert the subject to a jazz drummer in pinstripe suit with glowing drumsticks, with same pose and same face
Convert the subject to a winter huntress in white fur and snow camouflage gear, with same pose and same face
Convert the subject to a post-apocalyptic biker with scrap armor and a flame-painted bike, with same pose and same face
Convert the subject to a moon oracle in silvery robes with floating runes, with same pose and same face
Convert the subject to a neon nightclub queen in light-reactive dress and glowing jewelry, with same pose and same face
Convert the subject to a medieval bard with a lute and feathered cap, with same pose and same face
Convert the subject to a steam-powered android maid in brass and leather, with same pose and same face
Convert the subject to a fire mage in ember-dusted robes and flame in hand, with same pose and same face
Convert the subject to a desert nomad in layered scarves and sand goggles, with same pose and same face
Convert the subject to a haunted marionette in striped stockings and cracked smile, with same pose and same face
Convert the subject to a jungle sorceress with animal bones and tribal paint, with same pose and same face
Convert the subject to a futuristic fashion icon with geometric armor and neon runway boots, with same pose and same face
Convert the subject to a circus tightrope walker in star-spangled leotard and parasol, with same pose and same face
Convert the subject to a galactic queen with asteroid earrings and star-field dress, with same pose and same face
Convert the subject to a mystic healer in woven silks and floating crystals, with same pose and same face
Convert the subject to a haunted nun in dark veil and burning rosary, with same pose and same face
Convert the subject to a cyber-samurai in metallic kimono and plasma blade, with same pose and same face
Convert the subject to a ghostly specter in translucent robes with glowing chains, with same pose and same face
Convert the subject to a phoenix priestess in flame-colored gown and feathered mantle, with same pose and same face
Convert the subject to a space archaeologist with relics and dusted visor, with same pose and same face
Convert the subject to a royal executioner in black robes and silver blade, with same pose and same face
Convert the subject to a high priestess of the stars in constellation-patterned robe and glowing orb, with same pose and same face
Convert the subject to a vintage movie actress in dramatic lighting and pearl accessories, with same pose and same face
Convert the subject to a rebel AI avatar in fractured neon body and glitching features, with same pose and same face
Convert the subject to a bloodborne huntress in leather cloak and silver weapons, with same pose and same face
Convert the subject to a jungle queen in animal print and bone jewelry, with same pose and same face
Convert the subject to a forgotten deity in stone-like skin and glowing cracks, with same pose and same face
Convert the subject to a mythical siren with flowing hair and fish-scale bodice, with same pose and same face
Convert the subject to a gladiator empress in bronze armor and torn cape, with same pose and same face
Convert the subject to a lava sorceress in obsidian gown with molten seams, with same pose and same face
Convert the subject to a deep forest enchantress with glowing butterflies and mossy garb, with same pose and same face
Convert the subject to a quantum scientist in abstract uniform with floating formulas, with same pose and same face
Convert the subject to a cyber-witch with data scrolls and neon spellbook, with same pose and same face
Convert the subject to a bioluminescent forest spirit with glowing skin and plants growing from her, with same pose and same face
Convert the subject to a plague doctor in dark robes and silver beak mask, with same pose and same face
Convert the subject to a robotic ballerina with joint plating and glowing eyes, with same pose and same face
Convert the subject to a dream traveler in cloud-shaped garments and star trails, with same pose and same face
Convert the subject to an arctic warrior in fur armor and ice-bladed weapons, with same pose and same face
Convert the subject to a mystic mirror guardian with reflective robes and mask, with same pose and same face
Convert the subject to a digital goddess in cascading code dress and floating screens, with same pose and same face
